17489,17564,18061,18136,18611,18722,18767,18843,18860,18933,18923,19019.000000000004,19049,19110,19262,19340,19452,19512,19589,19681,19723,19803,19772.000000000004,19827
22474,22554.000000000004,22978,23075,23108,23214.000000000004,23205.000000000004,23279,23328,23377,23370,23462,23465,23533,23710,23786,23984,24062,24130,24214.000000000004,24256,24328,24305,24368.000000000004
27054.000000000004,27114,27223,27295,27366,27458.000000000004,27462,27522.000000000004,27597,27716,27705.000000000004,27805,27979,28070,28355,28438,28549,28608,28689,28769.000000000004,28801.000000000004,28879,28853,28920
31496.000000000004,31556,31662,31738,31784,31887,31881,31932.000000000004,31965,32026.000000000004,32028,32100,32130.000000000004,32203.000000000004,32270.000000000004,32361.000000000004,32453.000000000004,32532.000000000004,32610,32680.999999999996,32685.000000000004,32765,32753,32833
35338,35385,35476,35547.00000000001,35620,35703,35667,35723,35754,35830,35831,35918,35930,36002,36102.00000000001,36194,36310,36386,36457,36528,36545,36621,36599.00000000001,36685
62330,62381,62470,62591,62574,62661,62583,62674,62696,62772,62780,62868,62880,62957,63069,63156,63268,63335,63413.00000000001,63497,63506,63589,63565.00000000001,63629
66136,66210.00000000001,66323.00000000001,66407,66421,66511,66445.00000000001,66511,66568,66620,66624,66696,66700,66776,66865,66949,67063,67131,67235,67292,67313,67386,67378,67445.00000000001
69983,70058,70132,70244,70184,70255,70248,70327,70304,70392,70384,70467,70480,70552,70617,70701.00000000001,70784,70868,70943,71018,71022,71092,71084,71170
72160,72220,72312,72386,72367,72434,72375,72464,72478,72561,72553,72646,72648,72725.00000000001,72737,72825,72910,72979,73077,73153,73097.00000000001,73157,73213.00000000001,73303
74000,74063,74133,74228.00000000001,74196,74262,74245,74320.00000000001,74313,74403,74395,74481,74497,74580,74585.00000000001,74661,74738,74810,74900,74960.00000000001,74943,75012,75055,75139
81493,81564,81681,81775,81761,81816,81767,81837,81852,81949,81966.00000000001,82042,82043,82111,82164,82240,82337,82416,82529,82605,82609,82684,82743,82789
85682,85759,86146,86209,86212,86286,86272,86342,86356.00000000001,86410,86414,86486,86495,86582.00000000001,86610,86694,86787,86856.00000000001,86962,87037,87013,87085.00000000001,87139,87194
90837,90909,91278,91342,91396,91480,91473,91528,91544,91611,91596,91693,91717,91788,91846,91925,92034,92106.00000000001,92216.00000000001,92284,92301,92387,92378,92442
95328,95375,95477,95544,95913,96008,96013,96077,96096,96183,96168,96256,96276,96350.00000000001,96401,96481.00000000001,96585.00000000001,96662,96749,96828,96849,96927,96912,96958
97665,97741,97842,97929,97976,98052,98076.00000000001,98124,98159,98191,98176,98282,98316,98409,98435,98527,98619,98693,98824,98912,98959,99037,99098,99162
105745,105823.00000000001,106190,106249,106592,106687,106706,106753,106793,106879,106860,106958,106978.00000000001,107053,107113,107200,107270,107345,107420,107515,107524,107587,107653,107683
110214,110298,110780,110844.00000000001,111196,111303,111317,111369,111428,111502,111473,111584,111615.00000000001,111730,111743.00000000001,111830,111882,111975.00000000001,112048,112135,112128,112199,112218,112282
113195.00000000001,113274,113379,113459,113571,113670,113726,113783,113748,113831,113815,113919,113962,114093,114066,114139,114203,114281,114362.00000000001,114453,114470,114544,114556,114611
115321,115396,115518,115586,115632,115716.00000000001,115704.00000000001,115760,115797,115844.00000000001,115828,115924,115932,116068,116042,116128,116186,116261,116352,116453,116447,116519,116550,116604
117280,117357,117457.00000000001,117532,117552,117629,117588.00000000001,117661,117702,117759,117735,117838.00000000001,117839,117961,117934,118018,118064,118144,118296,118400,118434,118494,118561,118577
123588.00000000001,123667,123792,123864,123941,124020,123988,124036,124105,124172,124161,124244,124252.00000000001,124396,124357,124432,124478.00000000001,124561,124663,124754,124781,124861,124853.00000000001,124909
128029,128097.00000000001,128210.00000000001,128275,128350,128425.00000000001,128410,128465,128577,128699.99999999999,128664.99999999999,128767,128761,128848.99999999999,129073.00000000001,129166,129250,129313.00000000001,129387,129467.00000000001,129512,129586.99999999999,129592.00000000001,129639.00000000001
130601,130680,130985.00000000001,131037,131156,131241,131245,131308,131329,131429,131397,131496,131501,131624,131597,131659,131727,131814,131923,132006,132050,132119,132165,132188.00000000003
132890.00000000003,132950,133039.00000000003,133131,133176.00000000003,133265.00000000003,133274,133325,133314,133397,133410,133478,133499,133614,133595,133677,133734,133808,133898,133976,133990,134071,134074,134136
134857,134927,135037,135109,135224,135308,135309,135364,135358,135458,135439,135531,135546,135661,135633,135713,135791,135860,135944.00000000003,136028,136050,136127,136140.00000000003,136183
143011,143090,143204,143271.00000000003,143369,143457,143413,143469,143513,143619,143613,143692,143681,143800,143801.00000000003,143888,143953,144027.00000000003,144100,144163,144210,144281,144245,144313.00000000003
145044,145109,145447,145511,145855,145962,146001,146059,146077,146188.00000000003,146170.00000000003,146256,146268,146401,146378,146428,146495,146567,146668,146760,146765.00000000003,146832,146847,146911
147546,147626,147728,147796,147914.00000000003,147990,148050,148113,148061,148149,148117,148217,148292,148412,148431,148515.00000000003,148626,148685,148764,148853,148866,148921,148954,148998
149679,149751,149854,149921,149988,150060,150078,150136,150127,150235,150227,150314,150326,150449,150419,150498,150559,150635,150734,150827,150836,150912,150913,150972
151579,151650,151743,151820,151836,151932.00000000003,151926.00000000003,151983,151988,152067,152053,152136,152129,152224,152232,152312,152378,152450.00000000003,152561,152641,152664.00000000003,152735,152828,152846
158748,158824,158934,159010,159094,159167,159184,159216,159398,159486,159446,159523,159618,159698,160008,160091,160162,160230,160301.00000000003,160385,160413,160499,160493,160533.00000000003
161855,161930,162028,162107,162129,162204,162173,162233,162253,162358,162348,162437,162410,162539.00000000003,162515.00000000003,162566,162618,162698,162794,162899,162910,162981,162967,163050
163789.00000000003,163859,163936,164021.00000000003,164046,164125,164094,164160,164172,164258,164248,164334,164315,164428,164405,164477,164527.00000000003,164599,164697,164789.00000000003,164805,164880,164895,164959
165724,165792,165873,165965,165983,166065,166013,166078,166111,166210,166188.00000000003,166275,166248,166374,166352,166440,166491,166561,167301.00000000003,167380,167392,167463,168284,168343
169213,169265.00000000003,169676.00000000003,169757,170073,170180,170188.00000000003,170237,170260,170347,170317,170431,170424,170555,170521.00000000003,170600,170632,170711,170834,170910,170870,170967,171020,171083
176920.00000000003,176991,177100,177176.00000000003,177223,177297,177257,177310,177351,177445,177436,177522,177495,177610,177586,177662,177692,177780,177856,177947,177959,178034,178027.00000000003,178093.00000000003
178846,178902.00000000003,178998,179070,179124,179207,179176.00000000003,179232,179260,179351,179340,179425,179404,179535,179508,179556,179626,179702,179794,179886,179904,179974,179984,180032
180862,180934,181025,181107,181126,181208,181186,181257,181251,181356,181350,181437,181398,181517,181486,181576,181618,181662,181804,181896.00000000003,181939,182018,182045.00000000003,182089
182833,182885,182996,183080,183115,183199,183163,183234,183247,183350,183335,183430,183403,183525,183487,183575.00000000003,183628,183708,183823,183918,183855,183942,184019,184086
186903,186951,187233,187298,187347,187440,187428,187492,187495,187608,187592,187678,187664.00000000003,187793,187765.00000000003,187823,187903,187978,188208,188300,188346,188417,188470,188514
194884,194968.00000000003,195089,195148,195314,195410,195424,195482,195476,195584,195552,195644,195628,195756,195736,195788,195827,195918,196034,196126,196147,196219,196221,196286
200769,200836,200950.00000000003,201028,201055,201134,201098,201158.00000000003,201151,201275,201259,201357,201315,201447,201426.00000000003,201495,201542,201614,201963,202047,202068,202143,202154,202218.00000000003
206980.00000000003,207061,207457,207512,207568,207668,207683,207739,207758,207876,207849.00000000003,207940,207913,208049,208017,208109,208186,208260,208388,208468.00000000003,208565,208649,208707,208762
217466,217525,217636,217713,218028,218112,218142,218213,218257,218361.00000000003,218337.00000000003,218449,218401,218493,218968.00000000003,219031,219187,219272,219452,219539.00000000003,219616,219700.00000000003,219734,219766
220773,220848,220967,221042,221162,221278,221868,221940,221956.00000000003,222056,222074,222165,222182.00000000003,222261,222626,222699,222799,222875,222957,223041,223065,223149,223178,223226
230011,230095,230214,230270,230404,230512,230568,230628,230646.00000000003,230733,230700.00000000003,230809,230818,230956.00000000003,230926.00000000003,231018,231077,231176.00000000003,231244,231340,231354,231429,231402.00000000003,231478
234974.00000000003,235053,235146.00000000003,235226,235280,235359,235382,235432.00000000003,235418,235536,235514,235617.00000000003,235619,235757,235792,235878,236102,236185,236296,236391,236444.00000000003,236523,236524,236583
237329,237409,237513,237592,237895,237983,238019,238085,238115,238215,238191,238302,238295.00000000003,238372,238433,238528,238639,238710,238785,238876,238910,238981,238990,239050
239776,239844,239948,240008,240075.00000000003,240163,240200.00000000003,240244,240270,240386,240350,240466,240485,240608,240860,240933,241026,241108,241168,241257,241300,241376,242106,242178
243907,243983,244091,244163,244411,244511,244538,244598,244613,244728,244693,244806,244789.00000000003,244869,244910,245003,245096,245183,245256,245348,245356,245443,245483,245539.00000000003
