26338,26425,26548,26617,26618,26689,26748,26825,26825,26921,26921,26997,26998,27083,27105,27177,27232,27304,27401,27457,27490,27537,27585,27657
29369,29450,29578,29641,29665,29729,29817,29885,29915,29979,30017,30083,30084,30182,30183,30258,30338,30392,30506,30560,30611,30674,30690,30761
31873,31964,32081,32165,32166,32232,32289,32363,32380,32457,32481,32547,32595,32665,32690,32763,32827,32905,33025,33067,33120,33178,33217,33296
35873,35950,36088,36170,36225,36289,36411,36482,36546,36609,36920,36978,37025,37104,37290,37400,37625,37731,37897,37965,38035,38088,38131,38201
39074,39185,39322,39385,39413,39482,39538,39616,39658,39721,39873,39921,39985,40065,40147,40214,40276,40361,40457,40523,40582,40633,40657,40728
81737,81826,81985,82056,82130,82192,82250,82337,82417,82530,82530,82610,82657,82737,82740,82811,82877,82953,83066,83115,83141,83192,83236,83308
84232,84329,84450,84524,84546,84617,84658,84747,84786,84875,84875,84947,84986,85082,85082,85169,85185,85265,85369,85416,85476,85521,85554,85627
86297,86377,86497,86561,86593,86665,86698,86769,86818,86898,86926,86985,87030,87115,87145,87227,87282,87360,87475,87522,87570,87627,87660,87736
88497,88568,88672,88737,88753,88825,88858,88929,88954,89045,89047,89092,89123,89200,89228,89307,89326,89401,89513,89561,89585,89641,89691,89777
90544,90617,90730,90796,90798,90860,90913,90977,91018,91092,91113,91185,91201,91293,91295,91368,91401,91481,91586,91641,91681,91731,91777,91873
128720,128805,128938,128993,129026,129097,129137,129209,129257,129361,129361,129408,129430,129490,129460,129544,129625,129705,129819,129875,129913,129969,130002,130072
130832,130897,131010,131072,131089,131155,131188,131264,131305,131400,131392,131465,131465,131523,131493,131569,131650,131726,131829,131864,131909,131971,132009,132072
132713,132785,132888,132970,132974,133041,133073,133137,133171,133258,133258,133316,133318,133377,133345,133432,133508,133571,133684,133722,133754,133809,133841,133928
134593,134672,134789,134842,134858,134928,134954,135025,135066,135154,135154,135209,135211,135280,135265,135336,135394,135464,135577,135621,135673,135729,135757,135833
136617,136689,136802,136865,136866,136937,136962,137025,137065,137136,137137,137209,137255,137288,137255,137326,137409,137497,137603,137650,137692,137745,137788,137864
148617,148697,148793,148872,148907,148990,148993,149076,149105,149192,149176,149257,149259,149331,149293,149368,149451,149536,149634,149691,149730,149801,149833,149897
152562,152653,152736,152820,152820,152883,152914,152985,153009,153105,153090,153145,153129,153209,153191,153264,153324,153387,153486,153537,153577,153641,153672,153757
156201,156297,156400,156487,156487,156554,156578,156673,156673,156745,156761,156820,156865,156956,157024,157097,157161,157224,157336,157386,157420,157474,157519,157600
158190,158269,158378,158441,158470,158537,158578,158650,158676,158756,158770,158825,158841,158944,158993,159067,159144,159220,159354,159497,159609,159670,159752,159841
160858,160937,161050,161130,161130,161225,161241,161321,161345,161424,161409,161475,161477,161569,161569,161656,161689,161768,161874,161931,161961,162032,162085,162161
191749,191817,191949,191993,192032,192105,192137,192209,192271,192366,192367,192425,192425,192505,192468,192560,192633,192732,192841,192886,192932,192983,193018,193104
193978,194049,194148,194204,194242,194325,194325,194392,194425,194531,194504,194587,194569,194650,194624,194724,194762,194841,194936,194993,195025,195097,195147,195258
195782,195850,195957,196019,196022,196091,196124,196193,196221,196316,196316,196380,196381,196453,196424,196528,196560,196640,196749,196801,196817,196883,196929,197019
197650,197721,197834,197898,197898,197969,198001,198073,198098,198201,198201,198257,198258,198356,198356,198432,198458,198547,198657,198696,198729,198792,198857,198932
199563,199632,199737,199800,199818,199897,199914,199996,200010,200114,200114,200169,200170,200268,200241,200337,200369,200449,200547,200600,200633,200696,200736,200832
206866,206946,207065,207120,207147,207225,207250,207329,207385,207481,207468,207547,207547,207656,207641,207747,207812,207897,208001,208051,208088,208150,208182,208256
208756,208851,208938,208987,209014,209089,209123,209192,209219,209304,209305,209360,209384,209457,209436,209553,209577,209665,209770,209810,209839,209904,209952,210032
210585,210672,210785,210842,210847,210914,210981,211057,211058,211161,211137,211220,211221,211296,211273,211356,211411,211489,211585,211641,211681,211737,211778,211849
215613,215704,215811,215857,215881,215952,215985,216074,216089,216170,216170,216235,216238,216313,216290,216369,216418,216497,216627,216665,216706,216764,216828,216912
217818,217888,218002,218065,218074,218148,218179,218265,218282,218377,218378,218449,218481,218569,218595,218665,218713,218801,218921,218936,218996,219056,219546,219644
225753,225827,225970,226028,226089,226164,226193,226272,226329,226435,226436,226501,226501,226592,226569,226669,226732,226817,226929,226984,227046,227120,227121,227201
227876,227985,228113,228177,228249,228313,228354,228417,228505,228585,228676,228737,228778,228865,228889,229001,229098,229193,229298,229368,229402,229459,229522,229585
230283,230361,230474,230537,230602,230693,230695,230769,230844,230929,230915,230979,231001,231104,231105,231192,231232,231304,231430,231464,231513,231569,231613,231680
232546,232633,232745,232801,232849,232921,232945,233029,233077,233146,233170,233234,233268,233362,233362,233459,233481,233577,233681,233732,233785,233843,233865,233953
237490,237579,237692,237761,237801,237881,237929,238017,238057,238178,238153,238228,238201,238297,238298,238384,238429,238513,238635,238681,238720,238784,238849,238920
267426,267512,267641,267697,267776,267864,267866,267944,268010,268113,268081,268165,268165,268261,268236,268341,268425,268523,268632,268697,268761,268835,268835,268908
269440,269532,269650,269714,269758,269835,269873,269959,270001,270105,270072,270164,270166,270249,270217,270304,270368,270449,270561,270617,270673,270745,270769,270848
271473,271553,271657,271714,271756,271842,271842,271929,271972,272050,272050,272126,272126,272218,272218,272297,272336,272417,272529,272585,272642,272716,272745,272832
276716,276792,276906,276974,277006,277064,277110,277184,277209,277325,277328,277378,277378,277473,277440,277536,277609,277697,277811,277881,277923,277997,278026,278107
278856,278941,279048,279124,279145,279216,279248,279329,279357,279449,279450,279517,279518,279604,279607,279689,279713,279808,279907,279984,280025,280081,280130,280201
287290,287360,287489,287555,287607,287682,287682,287769,287827,287957,287924,288009,288010,288112,288097,288194,288249,288339,288457,288514,288577,288640,288657,288744
289171,289259,289389,289448,289492,289556,289600,289673,289729,289800,289849,289924,289977,290072,290090,290176,290227,290316,290420,290480,290545,290595,290632,290716
291281,291354,291475,291529,291573,291641,291665,291756,291795,291865,291923,291995,292019,292115,292116,292189,292249,292329,292441,292497,292556,292618,292650,292736
293394,293497,293633,293696,293804,293856,293906,293989,294057,294145,294251,294308,294372,294449,294488,294576,294610,294696,294809,294865,294937,294994,295033,295109
301649,301737,301865,301937,301993,302057,302113,302193,302225,302290,302369,302432,302497,302572,302625,302705,302754,302844,302954,303010,303089,303153,303193,303256
311010,311097,311235,311296,311377,311470,311452,311521,311642,311792,311753,311824,311810,311914,311916,311992,312054,312120,312252,312306,312387,312459,312460,312545
313233,313320,313424,313489,313593,313704,313641,313705,313937,314086,314041,314129,314129,314225,314209,314304,314401,314481,314618,314675,314787,314859,314860,314937
315834,315921,316042,316112,316193,316273,316273,316352,316418,316528,316506,316576,316601,316696,316696,316776,316825,316912,317041,317091,317192,317256,317301,317369
318236,318296,318418,318482,318835,318937,319002,319088,319153,319304,319289,319370,319470,319563,319696,319787,319906,319993,320130,320209,320393,320457,320529,320609
321760,321840,321985,322064,322137,322200,322233,322305,322361,322457,322489,322552,322609,322696,322697,322787,322825,322913,323018,323074,323162,323233,323269,323356
