250036,250096,250178,250282,250930,251026,251243,251346,251410,251546,251635,251762,251818,251890,251972,252050,252321,252394,252507,252594,252657,252745,252859,252930
255502,255560,255762,255843,256210,256330,256458,256562,256810,256938,256979,257099,257194,257274,257346,257417,257731,257850,257915,257978,258076,258162,258218,258297
260410,260497,260618,260714,260810,260921,261035,261106,261130,261235,261291,261394,261482,261554,262417,262483,262762,262826,262962,263050,263123,263241,263490,263570
265489,265561,265642,265746,265778,265882,265978,266050,266114,266234,266722,266842,266906,267010,267266,267345,267691,267834,268170,268281,268955,269106,269112,269209
270747,270808,270939,271018,271914,272034,272202,272257,272650,272795,272947,273065,273466,273554,273915,274002,274170,274250,274363,274434,274538,274622,274858,274993
292314,292386,292577,292649,293025,293138,293226,293298,293370,293490,293595,293706,293770,293849,293993,294090,294498,294593,294674,294770,294842,294938,295098,295186
299866,299914,300050,300145,300185,300274,300394,300474,300506,300625,300698,300818,300825,300922,301371,301450,301874,301938,302115,302185,302242,302330,302418,302497
303843,303897,304018,304114,304242,304354,304674,304770,304875,305018,305090,305201,305226,305306,305402,305497,305795,305881,306010,306082,306170,306282,306450,306521
308490,308545,308690,308752,309345,309432,309497,309570,309635,309761,309850,309938,310051,310121,310234,310313,310491,310569,310730,310810,311450,311561,311594,311698
313995,314074,314234,314329,314538,314654,314689,314769,314834,314954,315034,315154,315210,315282,316378,316465,316739,316801,317090,317226,317406,317538,317586,317674
329729,329833,329882,329986,330034,330138,330177,330274,330298,330394,330465,330579,330579,330665,331083,331145,331474,331545,331658,331746,331818,331898,331987,332066
333315,333385,333514,333648,333626,333727,333834,333906,333961,334114,334137,334266,334290,334409,334847,334937,335186,335249,335370,335474,335537,335641,335714,335794
336915,336992,337122,337193,337242,337353,337402,337481,337514,337641,337681,337792,337808,337889,338282,338369,338634,338689,338793,338897,338946,339026,339106,339193
340226,340329,340403,340489,340520,340600,340714,340794,340856,340970,341050,341162,341194,341281,341394,341474,341730,341802,341930,342034,342057,342153,342250,342329
345242,345312,345418,345529,345570,345656,345770,345841,345874,346025,346002,346137,346154,346241,346554,346633,346868,346921,347018,347130,347154,347249,347353,347426
354970,355041,355194,355256,355386,355489,355497,355577,355641,355770,355801,355913,355929,356001,356682,356754,357058,357177,357298,357362,357450,357545,357649,357730
358882,358969,359074,359168,359194,359281,359370,359466,359472,359601,359673,359778,359754,359864,359978,360087,360177,360257,360346,360458,360465,360561,360698,360776
364089,364177,364354,364450,364546,364631,364786,364849,364930,365026,365129,365217,365233,365313,365810,365889,366130,366185,366306,366417,366434,366530,366610,366681
368842,368921,369058,369129,369170,369266,369353,369416,369449,369570,369666,369771,369723,369824,370282,370368,370722,370785,370881,370985,371026,371113,371273,371345
373409,373473,373658,373696,373898,374033,374762,374849,374914,375039,375035,375169,375673,375761,376234,376322,376497,376553,376633,376754,376810,376906,376962,377041
383418,383497,383546,383761,383714,383808,383810,383905,383937,384057,384097,384225,384186,384272,384671,384753,385074,385144,385258,385362,385393,385489,385561,385640
390225,390297,390434,390529,390569,390623,390733,390814,390855,390959,391087,391175,391175,391262,391613,391685,391846,391912,391999,392125,392141,392239,392289,392378
393891,394001,394091,394152,394242,394353,394401,394473,394522,394608,394688,394762,394770,394849,395306,395374,395674,395705,395809,395921,395961,396040,396594,396681
398219,398296,398402,398521,398594,398697,398770,398833,398897,399033,399010,399144,399170,399249,399521,399601,399762,399833,399930,400025,400074,400152,400490,400569
401912,402001,402113,402201,402282,402361,402449,402529,402585,402697,402744,402873,402929,403017,403129,403193,403409,403481,403617,403697,403737,403833,404345,404425
414017,414137,414177,414306,414306,414405,414424,414512,414528,414673,414642,414775,414762,414840,415178,415265,415538,415600,415688,415793,415817,415913,415969,416041
417184,417255,417353,417457,417522,417609,417633,417721,417753,417904,417882,418011,417985,418072,418417,418513,418849,418921,419097,419168,419290,419393,419466,419553
420586,420663,420801,420873,422239,422328,422385,422464,422545,422673,422697,422819,422914,423001,423594,423673,423866,423921,424029,424137,424169,424257,424304,424393
425402,425497,425609,425721,425793,425889,425961,426041,426082,426216,426186,426312,426336,426409,426538,426616,426729,426834,426889,427001,427034,427113,427450,427529
428498,428568,428666,428777,428792,428881,428961,429025,429057,429191,429187,429313,429337,429417,429930,430002,430217,430272,430408,430505,430609,430689,430913,431001
439481,439575,439665,439777,439833,439921,439985,440073,440121,440239,440226,440352,440369,440457,440794,440873,441153,441208,441297,441425,441441,441513,441609,441672
442722,442808,442906,443017,443105,443192,443273,443353,443385,443552,443522,443648,443682,443761,444145,444224,444545,444608,444689,444785,444850,444920,445026,445097
446096,446168,446258,446361,446458,446545,446641,446713,446777,446905,446920,447049,447098,447177,447265,447345,447553,447617,447849,447936,448081,448161,448641,448719
450283,450343,450457,450567,450561,450647,450705,450784,450833,450960,450938,451064,451097,451169,451601,451672,451985,452040,452145,452241,452290,452370,452473,452528
453418,453487,453577,453663,453729,453806,453857,453920,454001,454153,454122,454240,454241,454313,454841,454922,455089,455145,455233,455313,455370,455457,455537,455601
461738,461888,461936,462065,462081,462192,462234,462313,462336,462479,462474,462598,462594,462689,462984,463065,463353,463441,463513,463632,463673,463762,463881,463945
465040,465144,465241,465369,465385,465456,465538,465638,465689,465800,465873,465998,465998,466088,466433,466504,466761,466841,466938,467031,467073,467144,467841,467913
469098,469168,469249,469383,469370,469448,469505,469585,469591,469736,469730,469857,469873,469953,470217,470304,470457,470521,470615,470713,470761,470840,470929,471000
472097,472201,472289,472377,472409,472472,472586,472657,472697,472833,472841,472961,472969,473032,473313,473392,473625,473688,473810,473889,473962,474065,474178,474249
475394,475497,475585,475689,475721,475801,475897,475984,476017,476152,476183,476313,476308,476375,476561,476648,476778,476897,477409,477545,477961,478073,478121,478201
488386,488447,488537,488671,488658,488735,488777,488865,488905,489055,489018,489151,489177,489248,489504,489577,489785,489857,489937,490033,490081,490185,490529,490600
491633,491720,491825,491912,491953,492041,492129,492201,492249,492376,492392,492520,492513,492584,492881,492960,493226,493305,493433,493519,493576,493665,493830,493897
494842,494912,495009,495127,495115,495191,495257,495337,495376,495526,495493,495623,495616,495687,495970,496056,496297,496369,496449,496561,496592,496681,496770,496833
497714,497790,497872,497992,498001,498097,498169,498232,498297,498424,498378,498504,498520,498580,498896,498985,499290,499360,499433,499529,499577,499672,500073,500136
505097,505159,505256,505383,505354,505448,505505,505568,505601,505763,505708,505830,505871,505944,506297,506377,506705,506783,506833,506945,507001,507112,507169,507240
515089,515151,515321,515393,515505,515608,515640,515704,515761,515892,515882,516008,516041,516113,516625,516728,516945,517000,517073,517200,517232,517313,517401,517464
519866,519927,520025,520167,520147,520232,520337,520417,520423,520561,520568,520688,520712,520792,521072,521144,521337,521408,521529,521616,521648,521720,521857,521929
523010,523087,523185,523304,523345,523424,523521,523575,523657,523783,523761,523895,523886,523951,524313,524393,524629,524701,524793,524880,524929,525033,525528,525584
526537,526606,526713,526817,526841,526937,527016,527067,527103,527248,527218,527335,527385,527448,527897,527976,528304,528384,528497,528600,528665,528768,528849,528911
529825,529903,530017,530104,530121,530208,530305,530352,530417,530527,530498,530622,530640,530704,531033,531112,531313,531369,531472,531560,531609,531679,531849,531920
