1334340,1334414,1334492,1334606,1334604,1335111,1335324,1335451,1336443,1336599,1336675,1336837,1336849,1336946,1336980,1337142,1337111,1337190,1337290,1337370,1337361,1337493,1337467,1337558
1339038,1339113,1339238,1339324,1339334,1339444,1339445,1339532,1339528,1339645,1339696,1339815,1339840,1339920,1339909,1340077,1340046,1340125,1340229,1340310,1340314,1340435,1340409,1340505
1341147,1341210,1341305,1341386,1341390,1341486,1341495,1341565,1341562,1341662,1341714,1341823,1341851,1341923,1341927,1342106,1342115,1342181,1342280,1342347,1342340,1342456,1342457,1342532
1343127,1343191,1343281,1343359,1343371,1343479,1343480,1343550,1343536,1343644,1343686,1343833,1344124,1344195,1344317,1344460,1344465,1344525,1344611,1344693,1344693,1344802,1344799,1344875
1347322,1347393,1347484,1347566,1347578,1347685,1347679,1347758,1347738,1347862,1347888,1348012,1348056,1348138,1348116,1348263,1348284,1348354,1348446,1348525,1348525,1348644,1348627,1348712
1366513,1366576,1366672,1366758,1366763,1366910,1367038,1367132,1367157,1367288,1367400,1367523,1367551,1367622,1367624,1367778,1367750,1367822,1367908,1367994,1367988,1368102,1368079,1368174
1380126,1380197,1380305,1380403,1380488,1380631,1380637,1380715,1381009,1381163,1381308,1381453,1381552,1381651,1381717,1381872,1381914,1381972,1382082,1382168,1382185,1382318,1382304,1382375
1382904,1382967,1383083,1383177,1383250,1383381,1383363,1383458,1383703,1383830,1383926,1384070,1384114,1384207,1384287,1384423,1384448,1384519,1384628,1384735,1384772,1384909,1384930,1385021
1385485,1385553,1385664,1385775,1385887,1386018,1385995,1386073,1386148,1386283,1386363,1386499,1386566,1386652,1386693,1386840,1386856,1386931,1387039,1387146,1387144,1387270,1387271,1387367
1387824,1387897,1387998,1388106,1388146,1388284,1388268,1388345,1388363,1388493,1388545,1388676,1388711,1388798,1388835,1388971,1388970,1389037,1389143,1389209,1389228,1389354,1389320,1389411
1395294,1395365,1395455,1395547,1395554,1395685,1395675,1395752,1395766,1395897,1395959,1396094,1396154,1396224,1396245,1396389,1396394,1396458,1396583,1396698,1396722,1396831,1396838,1396917
1397506,1397570,1397674,1397744,1397815,1397933,1397886,1397982,1398019,1398164,1398239,1398378,1398438,1398513,1398544,1398686,1398695,1398763,1398867,1398955,1398951,1399058,1399066,1399151
1399649,1399714,1399813,1399899,1399953,1400073,1400033,1400109,1400149,1400273,1400319,1400440,1400488,1400563,1400599,1400739,1400744,1400811,1401010,1401105,1401135,1401237,1401246,1401318
1401788,1401856,1401961,1402037,1402087,1402219,1402161,1402232,1402257,1402411,1402395,1402503,1402538,1402613,1402635,1402777,1402791,1402849,1402947,1403013,1403023,1403143,1403187,1403274
1403791,1403842,1403948,1404022,1404034,1404146,1404151,1404205,1404202,1404337,1404357,1404451,1404529,1404601,1404785,1404921,1404952,1405008,1405103,1405198,1405205,1405316,1405727,1405786
1411210,1411273,1411363,1411442,1411429,1411563,1411572,1411647,1411591,1411731,1411750,1411881,1411938,1412007,1412005,1412156,1412191,1412262,1412352,1412434,1412423,1412531,1412539,1412639
1413408,1413471,1413566,1413647,1413647,1413760,1413769,1413840,1413829,1413944,1413956,1414081,1414112,1414184,1414189,1414336,1414371,1414450,1414552,1414658,1414664,1414774,1414785,1414860
1416834,1416893,1416974,1417058,1417067,1417170,1417170,1417245,1417245,1417359,1417393,1417501,1417533,1417592,1417602,1417749,1417728,1417792,1417881,1417949,1417962,1418068,1418067,1418145
1418622,1418689,1418770,1418861,1418876,1418990,1419011,1419087,1419087,1419189,1419225,1419353,1419383,1419450,1419468,1419612,1419600,1419660,1419748,1419839,1419828,1419948,1419967,1420050
1422531,1422584,1422675,1422748,1422746,1422860,1422855,1422941,1422915,1423041,1423030,1423174,1423196,1423271,1423288,1423434,1423433,1423492,1423601,1423688,1423696,1423816,1423953,1424028
1429428,1429499,1429601,1429664,1429691,1429800,1429802,1429876,1429844,1429984,1429985,1430109,1430140,1430198,1430187,1430343,1430336,1430391,1430490,1430564,1430563,1430662,1430680,1430751
1444214,1444288,1444400,1444493,1444495,1444619,1444624,1444700,1444684,1444792,1444833,1444952,1445019,1445077,1445155,1445307,1445466,1445533,1445642,1445762,1446249,1446369,1446377,1446448
1450825,1450888,1450982,1451064,1451073,1451188,1451194,1451261,1451287,1451390,1451476,1451576,1451650,1451704,1452096,1452215,1452230,1452282,1452418,1452501,1452586,1452701,1452732,1452795
1454645,1454707,1454821,1454912,1454990,1455129,1455131,1455201,1455800,1455942,1456185,1456326,1456549,1456628,1456831,1456957,1456972,1457028,1457148,1457228,1457245,1457340,1457362,1457426
1457920,1457996,1458101,1458185,1458215,1458344,1458335,1458415,1458491,1458655,1458754,1458874,1458954,1459021,1459088,1459232,1459221,1459285,1459394,1459482,1459490,1459594,1459607,1459676
1468136,1468207,1468316,1468398,1468399,1468559,1468549,1468652,1468653,1468772,1468828,1468988,1469070,1469145,1469162,1469319,1469317,1469377,1469483,1469562,1469571,1469702,1469667,1469762
1472601,1472665,1472784,1472886,1473555,1473688,1473674,1473758,1473804,1473919,1473998,1474119,1474198,1474254,1474325,1474464,1474709,1474768,1474878,1474981,1475013,1475128,1475133,1475201
1478220,1478286,1478379,1478467,1478467,1478582,1478575,1478650,1478646,1478746,1478808,1478936,1478967,1479057,1479093,1479245,1479245,1479316,1479406,1479505,1479491,1479613,1479586,1479694
1480190,1480259,1480354,1480457,1480468,1480588,1480607,1480687,1480663,1480767,1480814,1480930,1480993,1481059,1481105,1481253,1481269,1481344,1481443,1481526,1481523,1481651,1481631,1481722
1482158,1482230,1482334,1482423,1482414,1482531,1482546,1482626,1482609,1482709,1482759,1482865,1483196,1483268,1483376,1483518,1483507,1483567,1483755,1483848,1483871,1483970,1483980,1484043
1499506,1499569,1499698,1499771,1499818,1499924,1499922,1499994,1500019,1500126,1500208,1500332,1500365,1500432,1500425,1500581,1500586,1500649,1500762,1500826,1500825,1500939,1500933,1501004
1501534,1501607,1501711,1501793,1502129,1502198,1502228,1502308,1502299,1502403,1502471,1502595,1502730,1502794,1502882,1503023,1502983,1503041,1503133,1503214,1503228,1503331,1503347,1503409
1506126,1506192,1506306,1506392,1506408,1506546,1506524,1506607,1506623,1506726,1506764,1506892,1506922,1506986,1507006,1507148,1507130,1507188,1507283,1507372,1507353,1507469,1507487,1507570
1508002,1508074,1508173,1508280,1508378,1508495,1508484,1508560,1508583,1508666,1508709,1508830,1508861,1508925,1508933,1509073,1509066,1509125,1509225,1509310,1509308,1509423,1509435,1509512
1511856,1511919,1512019,1512110,1512123,1512250,1512231,1512314,1512334,1512441,1512497,1512656,1512728,1512788,1512920,1513074,1513074,1513129,1513238,1513347,1513366,1513488,1513490,1513565
1521451,1521551,1522151,1522257,1522527,1522681,1522686,1522759,1522831,1522966,1523036,1523151,1523193,1523270,1523273,1523417,1523425,1523486,1523587,1523672,1523671,1523792,1523786,1523878
1524416,1524507,1524605,1524720,1524788,1524929,1524884,1524991,1525038,1525148,1525195,1525323,1525349,1525440,1525608,1525743,1525743,1525815,1525918,1526029,1526003,1526125,1526142,1526233
1526548,1526613,1526702,1526800,1526814,1526944,1526918,1527005,1527015,1527122,1527145,1527272,1527524,1527598,1527701,1527839,1527834,1527885,1528006,1528101,1528188,1528315,1528451,1528544
1531064,1531131,1531234,1531301,1531319,1531432,1531415,1531509,1531514,1531610,1531633,1531764,1531823,1531878,1532125,1532266,1532266,1532317,1532492,1532596,1532632,1532744,1532758,1532845
1533344,1533419,1533546,1533640,1533688,1533794,1533799,1533874,1533879,1533982,1534001,1534128,1534178,1534238,1534304,1534444,1534431,1534489,1534589,1534673,1534662,1534780,1534770,1534865
1538738,1538805,1538893,1538973,1539020,1539140,1539120,1539183,1539234,1539380,1539358,1539520,1539606,1539689,1539753,1539900,1539909,1539972,1540076,1540179,1540178,1540295,1540296,1540372
1540779,1540846,1540947,1541035,1541056,1541178,1541182,1541255,1541276,1541378,1541375,1541511,1541775,1541849,1541937,1542064,1542080,1542143,1542275,1542394,1542438,1542546,1542570,1542649
1543206,1543262,1543427,1543503,1543570,1543700,1543702,1543774,1543814,1543932,1543987,1544110,1544321,1544379,1544432,1544566,1544539,1544594,1544695,1544763,1544746,1544855,1544870,1544945
1545331,1545388,1545490,1545566,1545569,1545692,1545682,1545766,1545747,1545866,1545858,1546010,1546038,1546102,1546122,1546249,1546252,1546317,1546410,1546471,1546466,1546568,1546589,1546672
1547103,1547165,1547284,1547371,1547394,1547508,1547489,1547576,1547581,1547692,1547709,1547860,1547952,1548017,1548191,1548325,1548319,1548375,1548484,1548573,1548558,1548659,1548692,1548772
1552760,1552818,1552917,1552988,1553006,1553129,1553126,1553196,1553209,1553330,1553310,1553470,1553513,1553576,1553608,1553754,1553751,1553810,1553917,1553994,1553988,1554103,1554108,1554198
1554601,1554661,1554752,1554839,1554852,1554984,1554959,1555031,1555041,1555146,1555136,1555299,1555320,1555396,1555510,1555635,1555628,1555683,1555785,1555869,1555869,1555976,1556176,1556230
1556733,1556797,1556905,1556989,1557027,1557146,1557131,1557186,1557229,1557325,1557354,1557474,1557516,1557594,1557666,1557808,1557797,1557848,1557971,1558035,1558034,1558153,1558171,1558257
1558708,1558774,1558886,1558969,1558978,1559093,1559108,1559183,1559176,1559271,1559276,1559411,1559460,1559542,1559580,1559716,1559708,1559764,1559856,1559932,1559931,1560049,1560050,1560128
1560522,1560577,1560675,1560759,1560759,1560877,1560874,1560955,1560955,1561061,1561047,1561179,1561207,1561298,1561339,1561473,1561467,1561530,1561630,1561702,1561699,1561809,1561835,1561911
