10821,10894,11345,11424,11772,11873.000000000002,11886.000000000002,11951,11943,12063,12044,12122,12144,12211,12437,12536,13146,13235,13303,13397,13393,13494,13506,13562.000000000002
14846,14923,15307,15372,15385,15495.000000000002,15486,15554,15576,15721,15655.000000000002,15755,15768,15834,16410,16462,16633,16711.000000000004,16869,16936,16981,17082,17095,17128
18806,18870,19019.000000000004,19085,19119,19230,19221,19287,19277,19387,19378,19468,19480,19524,20009,20109,20356,20458.000000000004,20548,20638,20661,20761,20764,20816
21641,21705.000000000004,21843,21920,22156,22247,22249,22291,22349,22492,22461.000000000004,22573,22597,22662,23429.000000000004,23495,24048,24103,24205.000000000004,24315,24306,24395,24406,24463
25364,25430,25531,25610,25644.000000000004,25757,25701,25768,25825,25946,25915,26004,26015,26071,26422,26499,26624.000000000004,26713,26792,26880,26859,26949,26984,27039
46773,46828,47235,47289,47864.00000000001,47974.00000000001,47942,48009,48066,48233.00000000001,48168,48279,48314,48369,48662,48763,48887,48943,49010,49099.00000000001,49122,49211,49202,49281
50709,50786,51205,51260,51699,51810,51790,51857,52317,52430,52442,52520,52531,52587,52870.00000000001,52925.00000000001,53072,53149,53240,53330,53341,53431.00000000001,53478,53521
54569,54624,55097,55141,55559.00000000001,55671,55681.00000000001,55749,55795,55938,55918,56030,56109,56154,56526,56626,56774,56863,56931.00000000001,57019,56999,57099.00000000001,57133,57188
58349.00000000001,58416.00000000001,58809.00000000001,58865,59237,59349.00000000001,59361.00000000001,59416.00000000001,59451,59573,59564,59664,59687.00000000001,59765,60161,60215,60497,60563,60677,60761,60757,60856,60880,60923
61926,61970,62398,62454,62702,62803.00000000001,62805,62881,62949,63060,63029,63151,63174,63241,63603,63702,63827,63904,63962,64039,64029,64119,64131,64185
74875,74942,75268,75313,75684,75795,75775,75842,75876,75988,75943,76066,76079.00000000001,76123,76564,76640,76776,76831,76911,77011,77046,77146,77125,77168
78059,78158,78340,78429,78812,78911,78891,78957.00000000001,78990,79125,79093,79205,79227,79272,79589,79666,79835.00000000001,79936,80014,80126,80118,80218,80251,80318
81174,81241,81400,81455,81805,81904,81895,81950,81985,82128,82108,82209,82243,82298,82839,82906,83515,83580,84009,84065,84111,84210.00000000001,84235,84290
85146,85223,85585.00000000001,85640,86024,86145,86136,86203,86226,86347.00000000001,86338.00000000001,86449,86461,86505,86868,86967,87148,87226,87340,87406,87419,87507,87553,87598
88463.00000000001,88531,88700,88756,88868,88981.00000000001,88983,89052,89049,89206,89792,89880,89871,89948.00000000001,90178,90263,90388,90444,90546,90611,90591.00000000001,90679,90726,90759
100458,100512,100660,100714,100795,100918,100862.00000000001,100920,100952,101039,101031,101142,101155,101222.00000000001,101549,101637,101728.00000000001,101806,101864,101952,101965,102064,102077,102120
102876,102942,103438,103505,103517,103650,103640,103708,103720,103841.00000000001,103809,103933,103944,104000,104329.00000000001,104416,104541,104606.00000000001,104697,104775,104766,104878,104889,104945.00000000001
105711,105777,105947,105956,106431,106542,106566,106620,107150,107252,107254,107351,107342,107420,107726,107812,107938,108005,108073.00000000001,108172,108162,108263,108265,108331
113676,113754,113878,113944,113957.00000000001,114069,114014,114080,114114,114236,114216.00000000001,114328,114339,114418,114723,114822,114980,115047,115161,115239,115296,115384,115407,115453
119945.00000000001,120020,120177,120255,120313,120369,120819,120886,121089,121201.00000000001,121191,121302,121291,121348,121605,121708,121820.00000000001,121921,122012,122111,122101,122214,122237.00000000001,122270
124239,124304,136188.00000000003,136265.00000000003,136570,136680,136659,136726,136761,136859,136826,136939,136918,136974,137225,137311,137469,137580,137639,137739,137751,137850,137841,137906
139394,139459,140079,140156,140472,140608,140552,140630,140709,140786,140766,140877,140889,140979,141171,141271.00000000003,141428,141598,141666,141755,141788,141899,141890.00000000003,141957
142532,142644,143027.00000000003,143059,143207,143330,143240,143341,143983,144115,144095,144207,144242,144342,144512,144600,144838,144927,144996,145085,145107,145197,145219,145263
146583,146659,147076,147143,147201,147323,147313.00000000003,147380,147403,147525,147493,147605,147617,147684,147887,147964,148089,148168,148235,148342,148338,148426.00000000003,148472,148481
149114,149180,149518,149573,149676.00000000003,149798,149753,149821,149867,149977,149945,150057.00000000003,150068,150147,150316,150394,150531,150608,150722,150811,150832,150946,150957,151014
994559,994625,994807,994884,995156.0000000001,995255,995278,995323,995346,995457,995448,995536,995548,995614,996115,996181,996370,996436,996504,996594,996606,996683,996674,996751
997733.0000000001,997843.0000000001,998272,998349,998417,998552,998508,998575,998813,998955,998924,998990,999003,999114,999386,999474,999610,999699.0000000001,999767,999844,999858.0000000001,999947,999914,1000002.0000000001
1000836,1000936,1001107,1001150,1001285,1001420.0000000001,1001444.0000000001,1001487,1001454.0000000001,1001565,1001544,1001634,1001679,1001747.0000000001,1001927,1002005,1002119,1002197,1002298,1002387,1002366,1002467,1002479,1002546
1003289,1003367.0000000001,1003494,1003546,1003614,1003704.0000000001,1003671,1003738,1003761,1003872.0000000001,1003863,1003962,1003974,1004018,1004222,1004300.0000000001,1004402,1004458,1004572,1004627.0000000001,1004638,1004715,1004694.0000000001,1004773
1007011,1007079.0000000001,1007271.0000000001,1007327,1007417,1007541,1008013,1008069.0000000001,1008126,1008238,1008273,1008361,1008396.0000000001,1008441,1008689,1008755,1008857,1008924,1009016.0000000001,1009114,1009105,1009194.0000000001,1009207,1009238
1018759,1018836,1019252.0000000001,1019308,1019634,1019747.0000000001,1019736,1019803,1019837,1019937,1019916,1020017,1020040.0000000001,1020098.0000000001,1020354,1020421,1020535,1020601,1020682,1020760,1020804,1020893,1020861,1020928
1021796,1021884,1022054,1022109,1022324.0000000001,1022423,1022414,1022457,1022516.0000000001,1022592,1022583,1022683,1022694.0000000001,1022751,1022955,1023021.0000000001,1023157,1023212,1023292,1023370,1023449.0000000001,1023494,1023496,1023550.0000000001
1024349.9999999999,1024415,1024563.0000000001,1024617.9999999999,1024833.0000000001,1024964.9999999999,1024957.0000000001,1025001,1025024.0000000001,1025134,1025091.0000000001,1025214.9999999999,1025227.0000000001,1025294.0000000001,1025452,1025565,1025665.9999999999,1025710,1025812.0000000001,1025890.0000000001,1025913,1026002,1026014.0000000001,1026058
1027219,1027284.0000000001,1027477.0000000001,1027531.9999999999,1027690,1027789,1027769,1027836,1027858,1027969,1027960,1028060,1028062.0000000001,1028117,1028367.9999999999,1028431,1028557,1028601.0000000001,1028713,1028815,1028793.0000000001,1028871.0000000001,1029421,1029466.0000000001
1031527,1031616,1031774.0000000001,1031849.9999999999,1032202,1032313.0000000001,1032300.9999999999,1032358.9999999999,1032382.0000000001,1032469,1032449.0000000001,1032560,1032584.0000000001,1032627.9999999999,1032854,1032909.0000000001,1033046,1033123,1033270,1033348,1033394,1033482,1033493.9999999999,1033540
1041563.0000000001,1041639.0000000001,1042099.9999999999,1042156.9999999999,1042483,1042607,1042617.9999999999,1042685.9999999999,1042697.0000000001,1042796,1042776.0000000001,1042887,1042923,1042977.0000000001,1043733,1043809,1043947.0000000001,1044058,1044116,1044193,1044307,1044418.0000000001,1044430.0000000001,1044508
1046387.9999999999,1046454.9999999999,1046602.0000000001,1046666.9999999999,1047007.0000000001,1047116,1047108,1047163,1047187.0000000001,1047274.0000000001,1047254.0000000001,1047366,1047377.9999999999,1047422,1047697.0000000001,1047780,1047918.0000000001,1048018,1048087,1048187.0000000001,1048199.0000000001,1048287,1048929,1048985.0000000002
1051575,1051674,1052046,1052101,1052463,1052574,1052586,1052629.0000000002,1052653,1052753,1052733,1052844,1052866,1052923,1053205,1053261,1053352,1053441,1053531,1053620.0000000002,1053665,1053745.0000000002,1053757,1053801
1055276,1055364,1055499,1055545,1055848,1055948,1055973,1056030,1056052.0000000002,1056162,1056142,1056241,1056252,1056309,1056616,1056692,1056805,1056883,1056985.0000000002,1057074,1057119,1057210,1057221,1057266
1058143,1058211,1058617,1058649,1058831.0000000002,1058941,1058987,1059032,1059145,1059255,1059247,1059348,1059370.0000000002,1059437.0000000002,1059686,1059763,1059865,1059932,1060000,1060089,1060124,1060213,1060225,1060270
1068787,1068853,1069011,1069066,1069372,1069449,1069426,1069494,1069584,1069628,1069606,1069718,1069709,1069764.0000000002,1069979,1070067,1070169,1070247,1070327,1070406,1070451,1070541,1070530,1070586
1071499,1071587,1071722,1071767,1072004.0000000002,1072114,1072116,1072172,1072218,1072282,1072261,1072374,1072387,1072430,1072612,1072699,1072803,1072868,1072949,1073038,1073072,1073162,1073172,1073218
1073984,1074051,1074208,1074265,1074412,1074521,1074513,1074580,1074636,1074701,1074693,1074804,1074817,1074872,1075040,1075118,1075244,1075299,1075424,1075491,1075514.0000000002,1075602,1075614,1075659
1076437.0000000002,1076513,1076650,1076705,1076897,1076997,1077009,1077054,1077078,1077154,1077134,1077234,1077257,1077312.0000000002,1077438,1077516,1077640,1077706.0000000002,1077809,1077887,1077898,1077988,1078012,1078066
1078876,1078944,1079068,1079123,1079338,1079428,1079463,1079507,1080070,1080148,1080160,1080260,1080262,1080316,1080464,1080552.0000000002,1080666,1080732,1080811,1080902,1080925,1081025,1081037,1081070
1120121,1120220,1120391,1120434,1120759,1120862,1120908.0000000002,1120984,1121008,1121119,1121099,1121198,1121189,1121244,1121584,1121672,1121773,1121840,1121898,1121987,1122033.0000000002,1122109,1122089,1122154
1123000,1123078,1123574,1123617,1123844,1123955,1123922,1123988,1124035,1124134,1124113,1124213,1124204,1124259,1124429,1124507,1124608,1124686,1124755,1124833,1124868,1124967,1124945,1125002
1125858,1125935,1126071,1126115,1126238,1126352,1126318,1126396,1126443,1126541,1126521,1126621,1126600.0000000002,1126667,1126814,1126914,1127016,1127093,1127151,1127230,1127242,1127340,1127331.0000000002,1127397
1128253,1128330,1128457,1128512,1128815,1128917,1128929,1128995.0000000002,1129006,1129117,1129097,1129198,1129221,1129276,1129402,1129479,1129593,1129682,1129760,1129850.0000000002,1129862,1129963,1129973,1130030
1131100.0000000002,1131165,1131291,1131347,1131708,1131807,1131820,1131886,1131898,1132020,1131989,1132089,1132100.0000000002,1132168.0000000002,1132281,1132348,1132473,1132539,1132619,1132719,1132742,1132819,1132831.0000000002,1132888
