95289,95406,95414,95539,95535,95633,95650,95742,95786,95893,95984,96073,96134,96229,96299,96393,96415,96522,96563,96696,96683,96779,96833,96928
97924,98038,98083,98215,98201,98297,98350,98443,98491,98607,98699,98785,98841,98929,99051,99095,99237,99372,99425,99551,99591,99687,99731,99818
100786,100912,100942,101071,101084,101197,101194,101281,101339,101445,101539,101629,101682,101781,101877,101995,102116,102236,102288,102412,102435,102524,102583,102671
103799,103904,103941,104063,104072,104178,104203,104288,104325,104444,104520,104612,104675,104750,104885,104983,105070,105177,105222,105352,105353,105446,105533,105615
106577,106685,106730,106846,106848,106949,107047,107135,107227,107354,107415,107497,107531,107612,107868,107978,108130,108244,108297,108420,108427,108518,108657,108748
14371,14470,14507,14627,14658,14761,14763,14850,14884,14995,15059,15137,15188,15281,15350,15429,15475,15565,15619,15737,15735,15827,15889,15977
16800,16919,16968,17103,17080,17195,17209,17285,17325,17433,17485,17575,17628,17709,17788,17877,17923,18030,18076,18206,18181,18276,18336,18426
19109,19220,19263,19379,19363,19482,19491,19581,19605,19710,19761,19851,19899,19972,20060,20149,20216,20321,20359,20479,20466,20564,20648,20728
21510,21609,21662,21782,21766,21888,21897,21985,21974,22086,22133,22236,22286,22371,22472,22558,22640,22742,22794,22926,22905,23008,23048,23141
27994,28097,28139,28264,28244,28354,28371,28457,28465,28581,28649,28738,28754,28848,28951,29042,29109,29228,29274,29404,29395,29498,29625,29705
1995505,1995598,1995642,1995795,1995775,1995892,1995905,1995986,1996051,1996174,1996269,1996363,1996420,1996513,1996565,1996668,1996727,1996817,1996873,1997010,1996994,1997095,1997135,1997244
1997757,1997872,1997911,1998048,1998009,1998124,1998167,1998261,1998333,1998444,1998534,1998628,1998674,1998767,1998811,1998905,1998966,1999070,1999140,1999285,1999294,1999397,1999459,1999561
2002769,2002887,2002932,2003056,2003035,2003163,2003159,2003261,2003320,2003426,2003498,2003592,2003652,2003739,2003825,2003928,2003972,2004073,2004120,2004252,2004224,2004329,2004390,2004496
2007498,2007635,2007665,2007797,2007776,2007904,2007922,2008019,2008017,2008148,2008219,2008309,2008525,2008620,2008792,2008894,2009022,2009132,2009173,2009314,2009281,2009382,2009479,2009582
2010205,2010332,2010360,2010502,2010451,2010574,2010598,2010688,2010662,2010798,2010836,2010942,2011014,2011121,2011193,2011307,2011475,2011616,2011670,2011828,2011798,2011913,2011944,2012052
2351365,2351523,2351501,2351645,2351588,2351699,2351729,2351849,2351880,2351996,2352084,2352176,2352244,2352351,2352424,2352520,2352607,2352724,2352794,2352931,2352920,2353022,2353105,2353223
2353888,2354003,2354018,2354150,2354099,2354218,2354258,2354364,2354360,2354497,2354568,2354663,2354733,2354834,2354902,2354982,2355033,2355127,2355174,2355328,2355295,2355392,2355439,2355539
2356225,2356339,2356370,2356510,2356459,2356583,2356579,2356667,2356698,2356829,2356900,2357007,2357047,2357154,2357231,2357320,2357373,2357492,2357534,2357691,2357674,2357777,2357855,2357952
2358709,2358828,2358856,2358985,2358950,2359061,2359074,2359164,2359216,2359328,2359396,2359506,2359557,2359653,2359735,2359826,2359891,2360018,2360040,2360203,2360161,2360272,2360317,2360423
2361313,2361443,2361483,2361625,2361553,2361681,2361703,2361805,2361845,2361998,2362087,2362188,2362229,2362326,2362397,2362521,2362572,2362699,2362730,2362876,2362830,2362945,2362978,2363085
2988966,2989098,2989116,2989223,2989200,2989320,2989345,2989443,2989506,2989635,2989714,2989827,2989885,2989979,2990042,2990128,2990168,2990262,2990328,2990465,2990440,2990561,2990631,2990730
2991297,2991436,2991450,2991578,2991528,2991646,2991669,2991775,2991780,2991902,2991978,2992089,2992131,2992220,2992295,2992383,2992428,2992513,2992594,2992709,2992694,2992799,2992881,2992975
2995479,2995607,2995648,2995795,2995765,2995898,2995910,2996017,2995959,2996086,2996160,2996263,2996275,2996374,2996432,2996526,2996571,2996672,2996736,2996873,2996797,2996899,2996970,2997068
3009871,3010007,3010065,3010217,3010199,3010334,3010365,3010463,3010787,3010911,3010949,3011060,3011205,3011306,3011425,3011525,3011736,3011860,3011899,3012040,3011950,3012083,3012107,3012218
3012928,3013044,3013067,3013212,3013127,3013261,3013271,3013364,3013292,3013424,3013477,3013583,3013611,3013718,3013790,3013883,3013906,3014024,3014105,3014230,3014207,3014312,3014329,3014427
3404059,3404197,3404263,3404400,3404366,3404498,3404486,3404584,3404589,3404747,3404776,3404878,3404951,3405041,3405163,3405236,3405334,3405441,3405506,3405629,3405639,3405744,3405796,3405886
3406539,3406659,3406697,3406809,3406737,3406865,3406909,3406977,3407014,3407077,3407178,3407295,3407357,3407458,3407531,3407629,3407685,3407783,3407835,3407964,3407930,3408027,3408092,3408186
3409017,3409121,3409145,3409273,3409223,3409363,3409392,3409486,3409562,3409689,3409746,3409839,3409875,3409973,3410030,3410124,3410179,3410274,3410342,3410467,3410419,3410531,3410584,3410679
3411339,3411454,3411495,3411653,3411581,3411717,3411733,3411823,3411816,3411928,3411984,3412083,3412145,3412234,3412319,3412416,3412461,3412542,3412641,3412764,3412739,3412841,3412901,3412988
3414786,3414889,3416239,3416329,3416351,3416479,3416489,3416587,3416539,3416680,3416708,3416817,3416881,3416992,3417021,3417114,3417180,3417275,3417349,3417469,3417379,3417491,3417568,3417658
4082079,4082212,4082223,4082346,4082291,4082421,4082485,4082599,4082603,4082727,4082827,4082929,4083013,4083109,4083165,4083248,4083316,4083426,4083472,4083603,4083589,4083702,4083769,4083863
4084532,4084641,4084668,4084798,4084704,4084828,4084888,4084986,4084978,4085108,4085183,4085282,4085310,4085426,4085491,4085593,4085618,4085731,4085790,4085906,4085855,4085978,4086041,4086121
4086749,4086875,4086916,4087031,4086962,4087096,4087110,4087211,4087212,4087328,4087402,4087513,4087551,4087667,4087734,4087831,4087849,4087949,4087998,4088118,4088078,4088199,4088230,4088320
4096978,4097102,4097176,4097263,4097250,4097394,4097431,4097528,4097490,4097593,4097680,4097775,4097804,4097903,4097943,4098038,4098089,4098195,4098252,4098385,4098298,4098402,4098480,4098575
4100841,4100972,4101027,4101150,4101107,4101261,4101245,4101336,4101289,4101409,4101462,4101568,4101596,4101686,4101721,4101816,4101854,4101951,4102017,4102141,4102060,4102159,4102234,4102332
4442468,4442597,4442610,4442747,4442726,4442841,4442872,4442973,4442989,4443115,4443196,4443302,4443350,4443438,4443518,4443609,4443626,4443728,4443775,4443899,4443889,4443984,4444023,4444116
4444773,4444897,4444952,4445091,4445043,4445156,4445240,4445336,4445316,4445426,4445513,4445602,4445644,4445730,4445797,4445890,4445938,4446051,4446112,4446239,4446179,4446285,4446325,4446432
4447039,4447142,4447194,4447311,4447271,4447395,4447441,4447526,4447500,4447619,4447690,4447788,4447862,4447938,4448001,4448095,4448127,4448234,4448305,4448424,4448416,4448514,4448541,4448642
4449191,4449305,4449338,4449464,4449390,4449537,4449583,4449633,4449633,4449726,4449789,4449881,4449912,4450011,4450072,4450163,4450219,4450323,4450405,4450519,4450471,4450581,4450653,4450743
4455770,4455875,4455919,4456040,4456014,4456140,4456154,4456251,4456192,4456301,4456360,4456462,4456481,4456594,4456630,4456734,4456769,4456873,4456959,4457093,4457067,4457177,4457221,4457317
5463227,5463342,5463357,5463514,5463502,5463617,5463636,5463719,5463733,5463861,5463959,5464051,5464090,5464188,5464239,5464328,5464357,5464473,5464516,5464640,5464607,5464703,5464746,5464850
5465557,5465698,5465702,5465832,5465784,5465893,5465936,5466031,5466009,5466124,5466205,5466303,5466304,5466401,5466457,5466533,5466578,5466676,5466730,5466839,5466773,5466878,5466950,5467043
5467642,5467751,5467786,5467901,5467853,5467970,5467985,5468079,5468092,5468202,5468280,5468375,5468388,5468477,5468524,5468609,5468667,5468771,5468827,5468930,5468857,5468960,5469083,5469181
5484578,5484686,5484713,5484851,5484846,5484966,5484928,5485034,5485065,5485194,5485263,5485369,5485407,5485496,5485561,5485654,5485720,5485839,5485875,5486029,5486007,5486106,5486139,5486237
5499739,5499898,5499984,5500106,5500172,5500306,5500455,5500523,5500689,5500732,5500943,5501047,5501135,5501215,5501535,5501615,5501831,5501946,5502000,5502137,5502146,5502250,5502319,5502418
