10166679,10166733,10166791,10166862,10166993,10167035,10167515,10167564,10167670,10167741,10168051,10168107,10168174,10168232,10168347,10168418,10168561,10168652,10168717,10168799,10169171,10169171,10169210,10169283
10175907,10176009,10176042,10176113,10176210,10176277,10176351,10176426,10176475,10176542,10177195,10177274,10177355,10177477,10177559,10177641,10177778,10177908,10177981,10178085,10178160,10178227,10178883,10178950
10181522,10181612,10181665,10181744,10181872,10181933,10182027,10182087,10182134,10182205,10182507,10182583,10182678,10182768,10182932,10183026,10183101,10183209,10183231,10183343,10183386,10183433,10183961,10184029
10184633,10184706,10184746,10184864,10184926,10184989,10185128,10185194,10185352,10185426,10186000,10186073,10186521,10186627,10186843,10186931,10187008,10187119,10187144,10187283,10187408,10187459,10187779,10187842
10189102,10189177,10189235,10189326,10189404,10189459,10189574,10189636,10189703,10189778,10190091,10190159,10190253,10190356,10190685,10190760,10190882,10191000,10191048,10191160,10191237,10191278,10191524,10191582
10208865,10208968,10208999,10209083,10210137,10210200,10210224,10210288,10210595,10210694,10210864,10210915,10210983,10211062,10211113,10211188,10211237,10211332,10211360,10211460,10211502,10211558,10211615,10211678
10212280,10212351,10212397,10212484,10212525,10212589,10212627,10212690,10212717,10212787,10212950,10213000,10213093,10213168,10213260,10213335,10213427,10213523,10213550,10213645,10213653,10213705,10213981,10214053
10214472,10214551,10214579,10214652,10214695,10214748,10214791,10214845,10214911,10214986,10215266,10215321,10215411,10215486,10215806,10215885,10215933,10216036,10216041,10216149,10216191,10216246,10216327,10216398
10216796,10216878,10216919,10217017,10217064,10217123,10217167,10217217,10217274,10217364,10217551,10217611,10217691,10217779,10217888,10217960,10218028,10218139,10218162,10218249,10218293,10218343,10218426,10218505
10219067,10219160,10219197,10219304,10219341,10219396,10219444,10219507,10220161,10220247,10220409,10220466,10220537,10220620,10220699,10220762,10220778,10220880,10220899,10221002,10221043,10221086,10221235,10221305
10229748,10229855,10229901,10229993,10230088,10230144,10230193,10230256,10230357,10230460,10230801,10230897,10230995,10231074,10231493,10231580,10231622,10231717,10231746,10231841,10231894,10231953,10232009,10232085
10232556,10232639,10232692,10232803,10232864,10232924,10232966,10233038,10233112,10233180,10233327,10233383,10233480,10233567,10233650,10233726,10233778,10233873,10233901,10234008,10234046,10234110,10234190,10234257
10234976,10235069,10235107,10235207,10235280,10235339,10235381,10235443,10235737,10235817,10235991,10236048,10236113,10236211,10236727,10236806,10236903,10236986,10237049,10237148,10237180,10237228,10237315,10237381
10239893,10239976,10240018,10240117,10240182,10240244,10240316,10240375,10240705,10240795,10240979,10241038,10241229,10241316,10241764,10241872,10241916,10242024,10242077,10242192,10242225,10242287,10242411,10242473
10243102,10243173,10243224,10243319,10243367,10243470,10243503,10243573,10243758,10243856,10244053,10244107,10244193,10244276,10244688,10244775,10244947,10245044,10245119,10245215,10245274,10245332,10245417,10245484
10254347,10254445,10254495,10254607,10254799,10254870,10254920,10254991,10255057,10255131,10255342,10255392,10255665,10255752,10255841,10255928,10255991,10256074,10256101,10256229,10256271,10256326,10256400,10256470
10256914,10257002,10257016,10257122,10257163,10257229,10257239,10257294,10257448,10257544,10257702,10257754,10257849,10257924,10258070,10258150,10258215,10258309,10258332,10258443,10258471,10258522,10258590,10258662
10259239,10259354,10259394,10259490,10259511,10259578,10259611,10259671,10259724,10259803,10259992,10260052,10260392,10260471,10260710,10260791,10260807,10260902,10260932,10261046,10261045,10261102,10261184,10261243
10264906,10264976,10265038,10265143,10265161,10265232,10265271,10265342,10266135,10266234,10266464,10266526,10266614,10266724,10267040,10267147,10267204,10267302,10267301,10267431,10267451,10267514,10267579,10267685
10268348,10268443,10268462,10268581,10268638,10268713,10268754,10268825,10268865,10268949,10269121,10269180,10269283,10269382,10269690,10269768,10269812,10269898,10269928,10270044,10270073,10270111,10270187,10270256
10278918,10279013,10279034,10279141,10279231,10279322,10279351,10279414,10279457,10279540,10279710,10279781,10279865,10279944,10280078,10280177,10280208,10280322,10280332,10280455,10280504,10280564,10280631,10280693
10282029,10282099,10282141,10282216,10282247,10282322,10282344,10282411,10282465,10282532,10283004,10283087,10283173,10283256,10283717,10283832,10283866,10283984,10283986,10284096,10284123,10284182,10284255,10284311
10285059,10285206,10285862,10285963,10286018,10286097,10286139,10286202,10286286,10286373,10286557,10286617,10286697,10286784,10287105,10287211,10287272,10287374,10287376,10287494,10287521,10287600,10287657,10287749
10288440,10288535,10289132,10289232,10289246,10289318,10289353,10289419,10289474,10289573,10289706,10289765,10289847,10289934,10290110,10290209,10290248,10290347,10290383,10290482,10290511,10290566,10290644,10290714
10291359,10291473,10291467,10291578,10291617,10291679,10291684,10291748,10291844,10291939,10292092,10292158,10292224,10292315,10292620,10292723,10292757,10292881,10292897,10293028,10293057,10293117,10293196,10293262
10301068,10301184,10301399,10301485,10301538,10301617,10301622,10301702,10301732,10301811,10301944,10302011,10302032,10302128,10302202,10302280,10302353,10302437,10302459,10302555,10302575,10302634,10302702,10302784
10303576,10303640,10303675,10303764,10303787,10303866,10303878,10303937,10303995,10304075,10304537,10304607,10304665,10304757,10304907,10304999,10305082,10305221,10305245,10305357,10305410,10305501,10305529,10305608
10307050,10307134,10307173,10307260,10307274,10307325,10307371,10307443,10307946,10308033,10308151,10308217,10308279,10308360,10308506,10308588,10308639,10308754,10308763,10308856,10308855,10308918,10308983,10309055
10309593,10309703,10309692,10309783,10309787,10309874,10309890,10309949,10310014,10310073,10310195,10310273,10310328,10310407,10310594,10310685,10310725,10310833,10310848,10310951,10310919,10311039,10311080,10311159
10311606,10311726,10311745,10311836,10312706,10312781,10312812,10312872,10312909,10312972,10313050,10313134,10313152,10313235,10313438,10313546,10313527,10313649,10313647,10313768,10313768,10313817,10313880,10313984
10321043,10321151,10321151,10321230,10321252,10321315,10321347,10321409,10321677,10321759,10321896,10321959,10322043,10322127,10322265,10322356,10322378,10322493,10322486,10322610,10322640,10322698,10322741,10322832
10323314,10323396,10323429,10323500,10323563,10323618,10323639,10323694,10323924,10324027,10324139,10324202,10324233,10324315,10324669,10324764,10324861,10324973,10324982,10325094,10325110,10325160,10325245,10325332
10325824,10325918,10325932,10326028,10326027,10326089,10326125,10326192,10326217,10326301,10326363,10326443,10326477,10326572,10326831,10326923,10326974,10327073,10327062,10327167,10327161,10327213,10327304,10327382
10327769,10327864,10327869,10327980,10327939,10328061,10328088,10328163,10328152,10328263,10328311,10328386,10328456,10328550,10328816,10328909,10328955,10329037,10329043,10329152,10329150,10329213,10329260,10329346
10329795,10329886,10329919,10330009,10330003,10330090,10330119,10330191,10330210,10330317,10330349,10330471,10330522,10330609,10330887,10330982,10331014,10331069,10331096,10331203,10331187,10331267,10331327,10331429
10337469,10337556,10337591,10337658,10337692,10337794,10337798,10337866,10337915,10337990,10338124,10338203,10338728,10338807,10338913,10339015,10339020,10339124,10339138,10339232,10339257,10339312,10339379,10339450
10339948,10340042,10340073,10340143,10340173,10340256,10340272,10340343,10340396,10340483,10340543,10340646,10340687,10340770,10340983,10341082,10341118,10341212,10341202,10341311,10341310,10341385,10341417,10341520
10341998,10342121,10342139,10342217,10342215,10342330,10342343,10342402,10342453,10342572,10342581,10342704,10342990,10343102,10343346,10343453,10343515,10343626,10343651,10343775,10343760,10343866,10343918,10344005
10344549,10344637,10344669,10344763,10344780,10344895,10344880,10344943,10344969,10345072,10345100,10345190,10345215,10345310,10345509,10345613,10345699,10345781,10345791,10345880,10345879,10345934,10345991,10346088
10346525,10346603,10346656,10346740,10346739,10346818,10346862,10346933,10346952,10347043,10347077,10347148,10347188,10347283,10347466,10347585,10347639,10347754,10347788,10347883,10347908,10347986,10348073,10348199
10356655,10356734,10356773,10356847,10356893,10356957,10356999,10357073,10357109,10357212,10357608,10357710,10357797,10357877,10358026,10358122,10358176,10358259,10358292,10358383,10358420,10358476,10358545,10358621
10359133,10359221,10359253,10359341,10359375,10359445,10359458,10359533,10359564,10359668,10359714,10359809,10359836,10359939,10360018,10360097,10360147,10360292,10360284,10360388,10360404,10360488,10360514,10360594
10361067,10361174,10361192,10361302,10361333,10361447,10361428,10361511,10361555,10361660,10361665,10361764,10361783,10361875,10361991,10362110,10362305,10362435,10362433,10362536,10362554,10362623,10362661,10362737
10363302,10363384,10363421,10363512,10363527,10363645,10363635,10363718,10363733,10363868,10363849,10363953,10363962,10364070,10364298,10364415,10364489,10364575,10364588,10364679,10364691,10364783,10364803,10364876
10365409,10365485,10365527,10365634,10365647,10365750,10365763,10365830,10365855,10365946,10365988,10366075,10366088,10366195,10366308,10366391,10366514,10366610,10366632,10366748,10366733,10366840,10366863,10366950
10372384,10372471,10372499,10372591,10372623,10372690,10372724,10372803,10372833,10372920,10373041,10373120,10373145,10373244,10373318,10373401,10373424,10373559,10373548,10373666,10373690,10373769,10373792,10373867
10374147,10374278,10374313,10374429,10374437,10374524,10374546,10374609,10374661,10374769,10375037,10375148,10375226,10375332,10375689,10375778,10375834,10375941,10375950,10376061,10376074,10376133,10376190,10376265
10376783,10376874,10376912,10377002,10377016,10377113,10377112,10377179,10377234,10377325,10377414,10377513,10377549,10377640,10377743,10377822,10377865,10377960,10377987,10378105,10378103,10378161,10378222,10378302
10379064,10379160,10379206,10379312,10379311,10379382,10379436,10379515,10379569,10379637,10380190,10380290,10380331,10380426,10380659,10380768,10380826,10380937,10382071,10382191,10382190,10382258,10382333,10382404
10383214,10383292,10383352,10383426,10383456,10383534,10383565,10383624,10383682,10383768,10383908,10383994,10384004,10384087,10384315,10384414,10384484,10384590,10384572,10384702,10384687,10384753,10384798,10384918
