34905,34981,35139,35206,35297,35374,35488,35531,35838,35939,35961,36049,36208,36274,37288,37331,37478,37525,37726,37781,37816,37906,37940,37996
43856,43901,44061,44116,44173,44238,44297,44362,44601,44744,44712,44823,44881,44948,45060,45128,45254,45273,45421,45464,45512,45577,45624,45690
46456,46500,46636,46691,46680,46758,46872,46909,47007,47152,47097,47230,47332,47400,47514,47568,47693,47738,47862,47906,47943,48007,48075,48131
48954,48986,49146,49199,49223,49301,49418,49437,49607,49728,49707,49807,49910,49965,50101,50155,50270,50325,50450,50507,50516,50583,50663,50718
56852,56906,57030,57074,57088,57164,57221,57289,57334,57480,57412,57536,57594,57659,57772,57828,57943,57989,58100,58166,58190,58256,58324,58390
213238,213303,213440,213494,213530,213618,213653,213708,213769,213899,213844,213967,214024,214090,214239,214282,214534,214585,214777,214832,214879,214956,215002,215058
215520,215569,215689,215743,215767,215857,215902,215946,216038,216161,216106,216229,216297,216351,216635,216678,216826,216870,217007,217054,217106,217173,217230,217273
221145,221199,221336,221403,221451,221537,221595,221650,221707,221854,221798,221910,222079,222145,222394,222483,222629,222674,222810,222865,222889,222933,223023,223079
223722,223775,223900,223956,223993,224069,224114,224158,224216,224361,224283,224406,224486,224553,224690,224779,224914,224969,225139,225194,225262,225318,225465,225532
235196,235251,235375,235442,235477,235555,235601,235656,235735,235859,235803,235926,235994,236060,236174,236263,236388,236432,236591,236645,236680,236736,236817,236871
253634,253700,253826,253892,253938,254039,254050,254107,254243,254376,254320,254455,254602,254614,254760,254837,254996,255051,255209,255265,255300,255377,255434,255490
258191,258246,258371,258438,258472,258573,258596,258652,258766,258888,258855,258979,259058,259113,259203,259283,259373,259427,259553,259609,259655,259732,259769,259822
260600,260653,260779,260834,260847,260947,260982,261038,261106,261228,261162,261296,261410,261464,261600,261666,261817,261858,261994,262049,262084,262138,262220,262273
263303,263356,263479,263534,263571,263646,263693,263749,263895,264029,263975,264097,264200,264266,264400,264490,264558,264616,264783,264838,266855,266920,266966,267012
267945,268000,268137,268191,268250,268327,268373,268429,268587,268698,268688,268800,268913,268967,269251,269328,269463,269530,269645,269712,269734,269801,269859,269912
287971,288026,288161,288216,288274,288374,288386,288442,288555,288666,288622,288757,288869,288925,289027,289106,289152,289209,289344,289409,289477,289533,289567,289623
290580,290634,290771,290825,290862,290938,290985,291039,291132,291265,291276,291366,291479,291534,291683,291794,291884,291939,292076,292143,292188,292243,292301,292356
292829,292873,292999,293054,293114,293177,293223,293270,293382,293504,293584,293663,293764,293818,293944,294021,294134,294168,294303,294359,294405,294459,294517,294572
294989,295034,295169,295224,295295,295371,295406,295461,295565,295686,295699,295788,295949,296001,296126,296192,296284,296340,296474,296519,296577,296642,296701,296766
297171,297227,297352,297407,297489,297535,297577,297634,297735,297847,297905,297982,298117,298172,298300,298374,298490,298536,298658,298712,298769,298825,298883,298938
309120,309174,309299,309355,309412,309493,309550,309613,309683,309804,309817,309931,310034,310075,310177,310265,310334,310378,310516,310570,310627,310682,310727,310783
311133,311180,311291,311357,311414,311482,311517,311582,311640,311752,311843,311897,312000,312046,312158,312247,312303,312359,312484,312539,312630,312685,312754,312809
313169,313224,313350,313405,313439,313505,313565,313618,313687,313802,313766,313866,314002,314056,314330,314428,314621,314675,314801,314867,314901,314951,315016,315069
315892,315948,316072,316118,316151,316228,316286,316341,316366,316464,316533,316599,316736,316791,316882,316950,317041,317085,317219,317268,317321,317376,317446,317499
317893,317952,318075,318119,318166,318219,318276,318333,318390,318489,318568,318648,318750,318805,318898,318973,319032,319074,319210,319254,319289,319345,319435,319479
326041,326097,326220,326287,326367,326444,326535,326578,326738,326827,326882,326971,327041,327108,327177,327253,327289,327344,327457,327512,327559,327614,327661,327715
327997,328044,328164,328220,328278,328347,328382,328439,328503,328615,328696,328783,328897,328952,329223,329301,329369,329437,329684,329751,329797,329852,329932,329988
330336,330380,330506,330561,330598,330664,330719,330763,330832,330910,330989,331067,331181,331224,331327,331395,331450,331506,331631,331677,331720,331764,331867,331914
332351,332406,332520,332575,332622,332688,332747,332789,332857,332946,333038,333104,333217,333264,333510,333587,333657,333711,333858,333913,334387,334432,334489,334545
336557,336567,336585,336591,336602,336617,336626,336636,336653,336658,336671,336681,336693,336703,336719,336726,336737,336753,336760,336770,336831,336871,336974,336997
355468,355515,355648,355703,355738,355830,355851,355918,355975,356064,356098,356177,356279,356334,356483,356559,356616,356671,356797,356852,356954,357020,357100,357145
357573,357628,357741,357800,357819,357887,357944,357999,358101,358202,358269,358337,358439,358494,358564,358641,358743,358787,358911,358955,358992,359034,359530,359585
360542,360587,360712,360768,360813,360880,360970,361002,361093,361172,361274,361341,361453,361509,361633,361712,361757,361802,361937,361993,362038,362094,362185,362240
362883,362927,363052,363095,363163,363230,363254,363309,363389,363480,363501,363568,363726,363770,363940,364030,364119,364165,364694,364749,364806,364839,364920,364974
366078,366132,366259,366313,366348,366437,366460,366516,366618,366719,366810,366889,366967,367022,367125,367192,367294,367342,367484,367550,367619,367667,367743,367798
377847,377900,378015,378070,378128,378215,378217,378260,378365,378486,378454,378554,378690,378733,378825,378924,378958,379002,379117,379184,379252,379297,379343,379400
383089,383132,383268,383300,383336,383415,383449,383503,383549,383640,383629,383683,384066,384121,384404,384505,384561,384627,386597,386655,386700,386765,386823,386877
389274,389330,389467,389521,389582,389657,389682,389736,389805,389894,389997,390062,390176,390219,390302,390368,390434,390483,390615,390669,390738,390794,390898,390940
391314,391355,391481,391529,391594,391648,391706,391760,391841,391919,392021,392087,392189,392245,392381,392448,392571,392604,392751,392807,392887,392931,393213,393268
394034,394089,394202,394258,394304,394396,394417,394471,394541,394629,394720,394798,394913,394967,395024,395113,395181,395237,395365,395429,395474,395530,395587,395644
401269,401323,401470,401526,401607,401683,401753,401796,401965,402043,402147,402211,402326,402381,402426,402528,402573,402617,402743,402797,402877,402933,402967,403021
403439,403494,403630,403686,403765,403821,403868,403922,404008,404102,404193,404283,404398,404453,404552,404619,404677,404732,404856,404913,404981,405036,405094,405148
405498,405542,405678,405723,405805,405869,405926,405980,406082,406172,406276,406341,406478,406525,406633,406723,406792,406847,406983,407031,407106,407150,407207,407263
410933,410978,411102,411157,411201,411268,411314,411381,411404,411493,411562,411651,411775,411831,412339,412439,412506,412561,412847,412899,412957,413023,413102,413159
413513,413546,413679,413732,413778,413845,413902,413957,414025,414126,414239,414294,414612,414654,415262,415318,415432,415498,415679,415735,415780,415870,415915,415970
424973,425016,425141,425196,425252,425345,425366,425420,425479,425579,425658,425735,425838,425881,426062,426152,426254,426309,426435,426489,426547,426602,426672,426726
427024,427063,427191,427243,427313,427366,427424,427467,427537,427627,427706,427783,427887,427928,428044,428109,428199,428244,428380,428435,428493,428548,428606,428672
428944,428997,429124,429178,429248,429313,429360,429403,429472,429560,429617,429695,429832,429875,431113,431214,431282,431350,431464,431529,431588,431643,431699,431754
432418,432478,432599,432654,432712,432766,432837,432891,433207,433319,433421,433498,433601,433666,433881,433961,434050,434105,434220,434286,434355,434410,434468,434521
435884,435940,436055,436119,436144,436232,436266,436322,436357,436446,436537,436628,436706,436762,436841,436940,437000,437053,437178,437233,437278,437334,437380,437447
